<?xml version="1.0" encoding="UTF-8" standalone="yes"?>
<addon id="repository.arb" name="FinalGear Repository" version="1.0" provider-name="Griffin">
	<extension point="xbmc.addon.repository" name="FinalGear Repository">
		<info compressed="false">http://raw.github.com/finalgearaddon/finalgear2/master/addons.xml</info>
		<checksum>http://raw.github.com/finalgearaddon/finalgear2/master/addons.xml.md5</checksum>
		<datadir zip="true">http://raw.github.com/finalgearaddon/finalgear2/master/</datadir>
	</extension>
	<extension point="xbmc.addon.metadata">
		<summary>FinalGear Repository</summary>
		<description>Home of the Final Gear Addon</description>
		<platform>all</platform>
	</extension>
</addon>
